,precision,recall,f1-score,support
0,0.6493506493506493,0.9803921568627451,0.78125,102.0
1,0.652542372881356,0.7549019607843137,0.7,102.0
2,0.9705882352941176,0.3235294117647059,0.4852941176470588,102.0
accuracy,0.6862745098039216,0.6862745098039216,0.6862745098039216,0.6862745098039216
macro avg,0.7574937525087077,0.6862745098039217,0.6555147058823529,306.0
weighted avg,0.7574937525087077,0.6862745098039216,0.6555147058823528,306.0
