,precision,recall,f1-score,support
0,0.7950819672131147,0.9509803921568627,0.8660714285714286,102.0
1,0.8468468468468469,0.9215686274509803,0.8826291079812206,102.0
2,0.9452054794520548,0.6764705882352942,0.7885714285714286,102.0
accuracy,0.8496732026143791,0.8496732026143791,0.8496732026143791,0.8496732026143791
macro avg,0.8623780978373388,0.8496732026143791,0.845757321708026,306.0
weighted avg,0.8623780978373389,0.8496732026143791,0.845757321708026,306.0
