,precision,recall,f1-score,support
0,0.8596491228070176,0.9607843137254902,0.9074074074074074,102.0
1,0.8977272727272727,0.7745098039215687,0.8315789473684211,102.0
2,0.8173076923076923,0.8333333333333334,0.8252427184466019,102.0
accuracy,0.8562091503267973,0.8562091503267973,0.8562091503267973,0.8562091503267973
macro avg,0.8582280292806609,0.8562091503267975,0.8547430244074768,306.0
weighted avg,0.8582280292806609,0.8562091503267973,0.8547430244074767,306.0
