,precision,recall,f1-score,support
0,0.7022900763358778,0.9019607843137255,0.7896995708154506,102.0
1,0.6230769230769231,0.7941176470588235,0.6982758620689655,102.0
2,0.8888888888888888,0.39215686274509803,0.54421768707483,102.0
accuracy,0.696078431372549,0.696078431372549,0.696078431372549,0.696078431372549
macro avg,0.7380852961005632,0.6960784313725491,0.677397706653082,306.0
weighted avg,0.7380852961005632,0.696078431372549,0.677397706653082,306.0
