,precision,recall,f1-score,support
0,0.9693877551020408,0.9313725490196079,0.95,102.0
1,0.752,0.9215686274509803,0.8281938325991189,102.0
2,0.8795180722891566,0.7156862745098039,0.7891891891891892,102.0
accuracy,0.8562091503267973,0.8562091503267973,0.8562091503267973,0.8562091503267973
macro avg,0.8669686091303991,0.8562091503267975,0.8557943405961027,306.0
weighted avg,0.866968609130399,0.8562091503267973,0.8557943405961027,306.0
