,precision,recall,f1-score,support
0,0.6060606060606061,0.39215686274509803,0.47619047619047616,102.0
1,0.5714285714285714,0.6274509803921569,0.5981308411214953,102.0
2,0.46875,0.5882352941176471,0.5217391304347826,102.0
accuracy,0.5359477124183006,0.5359477124183006,0.5359477124183006,0.5359477124183006
macro avg,0.5487463924963926,0.5359477124183006,0.5320201492489179,306.0
weighted avg,0.5487463924963925,0.5359477124183006,0.532020149248918,306.0
