,precision,recall,f1-score,support
0,0.9074074074074074,0.9607843137254902,0.9333333333333333,102.0
1,0.7913043478260869,0.8921568627450981,0.8387096774193549,102.0
2,0.8674698795180723,0.7058823529411765,0.7783783783783784,102.0
accuracy,0.8529411764705882,0.8529411764705882,0.8529411764705882,0.8529411764705882
macro avg,0.8553938782505223,0.8529411764705883,0.8501404630436888,306.0
weighted avg,0.8553938782505222,0.8529411764705882,0.8501404630436888,306.0
