,precision,recall,f1-score,support
0,0.8715596330275229,0.9313725490196079,0.9004739336492891,102.0
1,0.5886075949367089,0.9117647058823529,0.7153846153846154,102.0
2,0.8717948717948718,0.3333333333333333,0.48226950354609927,102.0
accuracy,0.7254901960784313,0.7254901960784313,0.7254901960784313,0.7254901960784313
macro avg,0.7773206999197012,0.7254901960784315,0.6993760175266678,306.0
weighted avg,0.7773206999197012,0.7254901960784313,0.6993760175266678,306.0
