,precision,recall,f1-score,support
0,0.9032258064516129,0.8235294117647058,0.8615384615384616,102.0
1,0.6234567901234568,0.9901960784313726,0.7651515151515151,102.0
2,0.9607843137254902,0.4803921568627451,0.6405228758169934,102.0
accuracy,0.7647058823529411,0.7647058823529411,0.7647058823529411,0.7647058823529411
macro avg,0.8291556367668532,0.7647058823529411,0.7557376175023234,306.0
weighted avg,0.8291556367668533,0.7647058823529411,0.7557376175023233,306.0
