,precision,recall,f1-score,support
0,0.8064516129032258,0.9615384615384616,0.8771929824561403,52.0
1,0.8620689655172413,0.9433962264150944,0.9009009009009009,53.0
2,0.9210526315789473,0.660377358490566,0.7692307692307693,53.0
accuracy,0.8544303797468354,0.8544303797468354,0.8544303797468354,0.8544303797468354
macro avg,0.8631910699998048,0.8551040154813739,0.8491082175292702,158.0
weighted avg,0.8635501804877579,0.8544303797468354,0.8489304658525179,158.0
