,precision,recall,f1-score,support
0,0.6578947368421053,0.49019607843137253,0.5617977528089888,102.0
1,0.539568345323741,0.7352941176470589,0.6224066390041494,102.0
2,0.46153846153846156,0.4117647058823529,0.43523316062176165,102.0
accuracy,0.545751633986928,0.545751633986928,0.545751633986928,0.545751633986928
macro avg,0.5530005145681026,0.545751633986928,0.5398125174783,306.0
weighted avg,0.5530005145681027,0.545751633986928,0.5398125174783,306.0
