,precision,recall,f1-score,support
0,0.5857988165680473,0.9705882352941176,0.7306273062730627,102.0
1,0.7361111111111112,0.5196078431372549,0.6091954022988506,102.0
2,0.7076923076923077,0.45098039215686275,0.5508982035928144,102.0
accuracy,0.6470588235294118,0.6470588235294118,0.6470588235294118,0.6470588235294118
macro avg,0.6765340784571555,0.6470588235294118,0.6302403040549093,306.0
weighted avg,0.6765340784571553,0.6470588235294118,0.6302403040549093,306.0
