,precision,recall,f1-score,support
0,0.7441860465116279,0.9411764705882353,0.8311688311688312,102.0
1,0.7105263157894737,0.5294117647058824,0.6067415730337079,102.0
2,0.6732673267326733,0.6666666666666666,0.6699507389162561,102.0
accuracy,0.7124183006535948,0.7124183006535948,0.7124183006535948,0.7124183006535948
macro avg,0.7093265630112583,0.7124183006535948,0.7026203810395985,306.0
weighted avg,0.7093265630112583,0.7124183006535948,0.7026203810395983,306.0
