,precision,recall,f1-score,support
0,0.941747572815534,0.9509803921568627,0.9463414634146341,102.0
1,0.676923076923077,0.8627450980392157,0.7586206896551724,102.0
2,0.8082191780821918,0.5784313725490197,0.6742857142857143,102.0
accuracy,0.7973856209150327,0.7973856209150327,0.7973856209150327,0.7973856209150327
macro avg,0.8089632759402675,0.7973856209150326,0.7930826224518402,306.0
weighted avg,0.8089632759402676,0.7973856209150327,0.7930826224518402,306.0
