,precision,recall,f1-score,support
0,0.93,0.9117647058823529,0.9207920792079208,102.0
1,0.7256637168141593,0.803921568627451,0.7627906976744186,102.0
2,0.7956989247311828,0.7254901960784313,0.7589743589743589,102.0
accuracy,0.8137254901960784,0.8137254901960784,0.8137254901960784,0.8137254901960784
macro avg,0.8171208805151139,0.8137254901960785,0.8141857119522328,306.0
weighted avg,0.8171208805151141,0.8137254901960784,0.8141857119522328,306.0
