,precision,recall,f1-score,support
0,0.9340659340659341,0.8333333333333334,0.8808290155440415,102.0
1,0.725925925925926,0.9607843137254902,0.8270042194092827,102.0
2,0.9375,0.7352941176470589,0.8241758241758241,102.0
accuracy,0.8431372549019608,0.8431372549019608,0.8431372549019608,0.8431372549019608
macro avg,0.8658306199972867,0.8431372549019608,0.844003019709716,306.0
weighted avg,0.8658306199972867,0.8431372549019608,0.844003019709716,306.0
