,precision,recall,f1-score,support
0,0.8611111111111112,0.9117647058823529,0.8857142857142857,102.0
1,0.6382978723404256,0.8823529411764706,0.7407407407407407,102.0
2,0.8421052631578947,0.47058823529411764,0.6037735849056604,102.0
accuracy,0.7549019607843137,0.7549019607843137,0.7549019607843137,0.7549019607843137
macro avg,0.7805047488698106,0.7549019607843137,0.743409537120229,306.0
weighted avg,0.7805047488698105,0.7549019607843137,0.743409537120229,306.0
