,precision,recall,f1-score,support
0,0.8558558558558559,0.9313725490196079,0.892018779342723,102.0
1,0.8461538461538461,0.8627450980392157,0.8543689320388349,102.0
2,0.9340659340659341,0.8333333333333334,0.8808290155440415,102.0
accuracy,0.8758169934640523,0.8758169934640523,0.8758169934640523,0.8758169934640523
macro avg,0.8786918786918787,0.8758169934640523,0.8757389089751998,306.0
weighted avg,0.8786918786918787,0.8758169934640523,0.8757389089751999,306.0
