,precision,recall,f1-score,support
0,0.8571428571428571,0.8235294117647058,0.84,102.0
1,0.7523809523809524,0.7745098039215687,0.7632850241545893,102.0
2,0.6601941747572816,0.6666666666666666,0.6634146341463415,102.0
accuracy,0.7549019607843137,0.7549019607843137,0.7549019607843137,0.7549019607843137
macro avg,0.7565726614270304,0.7549019607843137,0.7555665527669769,306.0
weighted avg,0.7565726614270304,0.7549019607843137,0.7555665527669768,306.0
