,precision,recall,f1-score,support
0,0.8839285714285714,0.9705882352941176,0.9252336448598131,102.0
1,0.7706422018348624,0.8235294117647058,0.7962085308056872,102.0
2,0.8117647058823529,0.6764705882352942,0.7379679144385026,102.0
accuracy,0.8235294117647058,0.8235294117647058,0.8235294117647058,0.8235294117647058
macro avg,0.822111826381929,0.823529411764706,0.819803363368001,306.0
weighted avg,0.8221118263819289,0.8235294117647058,0.819803363368001,306.0
