,precision,recall,f1-score,support
0,0.7401574803149606,0.9215686274509803,0.8209606986899564,102.0
1,0.8545454545454545,0.46078431372549017,0.5987261146496815,102.0
2,0.6370967741935484,0.7745098039215687,0.6991150442477876,102.0
accuracy,0.7189542483660131,0.7189542483660131,0.7189542483660131,0.7189542483660131
macro avg,0.7439332363513212,0.7189542483660131,0.7062672858624751,306.0
weighted avg,0.7439332363513211,0.7189542483660131,0.7062672858624752,306.0
