,precision,recall,f1-score,support
0,0.8272727272727273,0.8921568627450981,0.8584905660377359,102.0
1,0.7441860465116279,0.6274509803921569,0.6808510638297872,102.0
2,0.6454545454545455,0.696078431372549,0.6698113207547169,102.0
accuracy,0.738562091503268,0.738562091503268,0.738562091503268,0.738562091503268
macro avg,0.7389711064129668,0.738562091503268,0.73638431687408,306.0
weighted avg,0.7389711064129668,0.738562091503268,0.73638431687408,306.0
