,precision,recall,f1-score,support
0,0.47641509433962265,0.9901960784313726,0.643312101910828,102.0
1,0.8260869565217391,0.37254901960784315,0.5135135135135135,102.0
2,0.75,0.35294117647058826,0.48,102.0
accuracy,0.5718954248366013,0.5718954248366013,0.5718954248366013,0.5718954248366013
macro avg,0.6841673502871206,0.5718954248366014,0.5456085384747805,306.0
weighted avg,0.6841673502871206,0.5718954248366013,0.5456085384747805,306.0
