,precision,recall,f1-score,support
0,0.6142857142857143,0.8431372549019608,0.7107438016528925,102.0
1,0.6794871794871795,0.5196078431372549,0.5888888888888889,102.0
2,0.6704545454545454,0.5784313725490197,0.6210526315789474,102.0
accuracy,0.6470588235294118,0.6470588235294118,0.6470588235294118,0.6470588235294118
macro avg,0.6547424797424798,0.6470588235294118,0.6402284407069097,306.0
weighted avg,0.6547424797424797,0.6470588235294118,0.6402284407069097,306.0
