,precision,recall,f1-score,support
0,0.8787878787878788,0.8529411764705882,0.8656716417910447,102.0
1,0.8494623655913979,0.7745098039215687,0.8102564102564103,102.0
2,0.7719298245614035,0.8627450980392157,0.8148148148148148,102.0
accuracy,0.8300653594771242,0.8300653594771242,0.8300653594771242,0.8300653594771242
macro avg,0.83339335631356,0.8300653594771242,0.8302476222874233,306.0
weighted avg,0.83339335631356,0.8300653594771242,0.8302476222874232,306.0
