,precision,recall,f1-score,support
0,0.6296296296296297,0.8333333333333334,0.7172995780590717,102.0
1,0.6491228070175439,0.3627450980392157,0.46540880503144655,102.0
2,0.5789473684210527,0.6470588235294118,0.6111111111111112,102.0
accuracy,0.6143790849673203,0.6143790849673203,0.6143790849673203,0.6143790849673203
macro avg,0.6192332683560754,0.6143790849673203,0.5979398314005432,306.0
weighted avg,0.6192332683560754,0.6143790849673203,0.5979398314005432,306.0
