,precision,recall,f1-score,support
0,0.875,0.9607843137254902,0.9158878504672897,102.0
1,0.972972972972973,0.7058823529411765,0.8181818181818182,102.0
2,0.7833333333333333,0.9215686274509803,0.8468468468468469,102.0
accuracy,0.8627450980392157,0.8627450980392157,0.8627450980392157,0.8627450980392157
macro avg,0.8771021021021022,0.8627450980392157,0.8603055051653182,306.0
weighted avg,0.8771021021021019,0.8627450980392157,0.8603055051653182,306.0
