,precision,recall,f1-score,support
0,0.6012269938650306,0.9607843137254902,0.7396226415094339,102.0
1,0.7341772151898734,0.5686274509803921,0.6408839779005525,102.0
2,0.71875,0.45098039215686275,0.5542168674698795,102.0
accuracy,0.6601307189542484,0.6601307189542484,0.6601307189542484,0.6601307189542484
macro avg,0.6847180696849681,0.6601307189542484,0.6449078289599554,306.0
weighted avg,0.684718069684968,0.6601307189542484,0.6449078289599554,306.0
