,precision,recall,f1-score,support
0,0.819672131147541,0.9803921568627451,0.8928571428571429,102.0
1,0.7477477477477478,0.8137254901960784,0.7793427230046949,102.0
2,0.8356164383561644,0.5980392156862745,0.6971428571428572,102.0
accuracy,0.7973856209150327,0.7973856209150327,0.7973856209150327,0.7973856209150327
macro avg,0.8010121057504843,0.7973856209150326,0.7897809076682316,306.0
weighted avg,0.8010121057504844,0.7973856209150327,0.7897809076682317,306.0
