,precision,recall,f1-score,support
0,0.8461538461538461,0.8627450980392157,0.8543689320388349,102.0
1,0.6230769230769231,0.7941176470588235,0.6982758620689655,102.0
2,0.6388888888888888,0.45098039215686275,0.5287356321839081,102.0
accuracy,0.7026143790849673,0.7026143790849673,0.7026143790849673,0.7026143790849673
macro avg,0.7027065527065527,0.7026143790849674,0.6937934754305695,306.0
weighted avg,0.7027065527065527,0.7026143790849673,0.6937934754305695,306.0
