,precision,recall,f1-score,support
0,0.8440366972477065,0.9019607843137255,0.8720379146919431,102.0
1,0.674074074074074,0.8921568627450981,0.7679324894514767,102.0
2,0.8709677419354839,0.5294117647058824,0.6585365853658537,102.0
accuracy,0.7745098039215687,0.7745098039215687,0.7745098039215687,0.7745098039215687
macro avg,0.7963595044190881,0.7745098039215687,0.7661689965030912,306.0
weighted avg,0.7963595044190882,0.7745098039215687,0.7661689965030912,306.0
