,precision,recall,f1-score,support
0,0.7286821705426356,0.9215686274509803,0.8138528138528138,102.0
1,0.71875,0.6764705882352942,0.696969696969697,102.0
2,0.6666666666666666,0.5294117647058824,0.5901639344262295,102.0
accuracy,0.7091503267973857,0.7091503267973857,0.7091503267973857,0.7091503267973857
macro avg,0.7046996124031008,0.7091503267973857,0.7003288150829134,306.0
weighted avg,0.7046996124031008,0.7091503267973857,0.7003288150829134,306.0
