,precision,recall,f1-score,support
0,0.9807692307692307,0.5,0.6623376623376623,102.0
1,0.6,0.8823529411764706,0.7142857142857143,102.0
2,0.6634615384615384,0.6764705882352942,0.6699029126213593,102.0
accuracy,0.6862745098039216,0.6862745098039216,0.6862745098039216,0.6862745098039216
macro avg,0.7480769230769231,0.6862745098039215,0.6821754297482453,306.0
weighted avg,0.748076923076923,0.6862745098039216,0.6821754297482453,306.0
