,precision,recall,f1-score,support
0,0.9423076923076923,0.4803921568627451,0.6363636363636364,102.0
1,0.5403225806451613,0.6568627450980392,0.5929203539823009,102.0
2,0.5076923076923077,0.6470588235294118,0.5689655172413793,102.0
accuracy,0.5947712418300654,0.5947712418300654,0.5947712418300654,0.5947712418300654
macro avg,0.6634408602150538,0.5947712418300654,0.5994165025291056,306.0
weighted avg,0.6634408602150538,0.5947712418300654,0.5994165025291055,306.0
