,precision,recall,f1-score,support
0,0.989247311827957,0.9019607843137255,0.9435897435897436,102.0
1,0.7045454545454546,0.9117647058823529,0.7948717948717948,102.0
2,0.8641975308641975,0.6862745098039216,0.7650273224043715,102.0
accuracy,0.8333333333333334,0.8333333333333334,0.8333333333333334,0.8333333333333334
macro avg,0.8526634324125363,0.8333333333333334,0.8344962869553033,306.0
weighted avg,0.8526634324125363,0.8333333333333334,0.8344962869553032,306.0
