,precision,recall,f1-score,support
0,0.8725490196078431,0.8725490196078431,0.8725490196078431,102.0
1,0.6846153846153846,0.8725490196078431,0.7672413793103449,102.0
2,0.9324324324324325,0.6764705882352942,0.7840909090909091,102.0
accuracy,0.8071895424836601,0.8071895424836601,0.8071895424836601,0.8071895424836601
macro avg,0.8298656122185534,0.8071895424836603,0.8079604360030324,306.0
weighted avg,0.8298656122185535,0.8071895424836601,0.8079604360030324,306.0
