,precision,recall,f1-score,support
0,0.6923076923076923,0.17647058823529413,0.28125,102.0
1,0.46296296296296297,0.24509803921568626,0.32051282051282054,102.0
2,0.37168141592920356,0.8235294117647058,0.5121951219512195,102.0
accuracy,0.4150326797385621,0.4150326797385621,0.4150326797385621,0.4150326797385621
macro avg,0.5089840237332863,0.4150326797385621,0.37131931415468,306.0
weighted avg,0.5089840237332863,0.4150326797385621,0.37131931415468,306.0
