,precision,recall,f1-score,support
0,0.6363636363636364,0.4117647058823529,0.5,102.0
1,0.5051546391752577,0.4803921568627451,0.49246231155778897,102.0
2,0.4195804195804196,0.5882352941176471,0.4897959183673469,102.0
accuracy,0.4934640522875817,0.4934640522875817,0.4934640522875817,0.4934640522875817
macro avg,0.5203662317064378,0.4934640522875817,0.49408607664171195,306.0
weighted avg,0.5203662317064379,0.4934640522875817,0.494086076641712,306.0
