,precision,recall,f1-score,support
0,0.7734375,0.9705882352941176,0.8608695652173913,102.0
1,0.7727272727272727,0.8333333333333334,0.8018867924528302,102.0
2,0.8676470588235294,0.5784313725490197,0.6941176470588235,102.0
accuracy,0.7941176470588235,0.7941176470588235,0.7941176470588235,0.7941176470588235
macro avg,0.8046039438502675,0.7941176470588235,0.785624668243015,306.0
weighted avg,0.8046039438502673,0.7941176470588235,0.785624668243015,306.0
