,precision,recall,f1-score,support
0,0.8857142857142857,0.9117647058823529,0.8985507246376812,102.0
1,0.7637795275590551,0.9509803921568627,0.8471615720524017,102.0
2,0.9324324324324325,0.6764705882352942,0.7840909090909091,102.0
accuracy,0.8464052287581699,0.8464052287581699,0.8464052287581699,0.8464052287581699
macro avg,0.8606420819019244,0.8464052287581699,0.8432677352603307,306.0
weighted avg,0.8606420819019244,0.8464052287581699,0.8432677352603306,306.0
