,precision,recall,f1-score,support
0,0.9871794871794872,0.7549019607843137,0.8555555555555555,102.0
1,0.61875,0.9705882352941176,0.7557251908396947,102.0
2,0.8529411764705882,0.5686274509803921,0.6823529411764706,102.0
accuracy,0.7647058823529411,0.7647058823529411,0.7647058823529411,0.7647058823529411
macro avg,0.8196235545500251,0.7647058823529411,0.764544562523907,306.0
weighted avg,0.8196235545500251,0.7647058823529411,0.764544562523907,306.0
