,precision,recall,f1-score,support
0,0.9428571428571428,0.9705882352941176,0.9565217391304348,102.0
1,0.768595041322314,0.9117647058823529,0.8340807174887892,102.0
2,0.9,0.7058823529411765,0.7912087912087912,102.0
accuracy,0.8627450980392157,0.8627450980392157,0.8627450980392157,0.8627450980392157
macro avg,0.8704840613931523,0.8627450980392157,0.860603749276005,306.0
weighted avg,0.8704840613931523,0.8627450980392157,0.860603749276005,306.0
