,precision,recall,f1-score,support
0,0.8130841121495327,0.8529411764705882,0.8325358851674641,102.0
1,0.5657142857142857,0.9705882352941176,0.7148014440433214,102.0
2,1.0,0.23529411764705882,0.38095238095238093,102.0
accuracy,0.6862745098039216,0.6862745098039216,0.6862745098039216,0.6862745098039216
macro avg,0.7929327992879395,0.6862745098039215,0.6427632367210555,306.0
weighted avg,0.7929327992879395,0.6862745098039216,0.6427632367210554,306.0
