,precision,recall,f1-score,support
0,0.8135593220338984,0.9411764705882353,0.8727272727272727,102.0
1,0.743801652892562,0.8823529411764706,0.8071748878923767,102.0
2,0.8656716417910447,0.5686274509803921,0.6863905325443787,102.0
accuracy,0.7973856209150327,0.7973856209150327,0.7973856209150327,0.7973856209150327
macro avg,0.807677538905835,0.7973856209150326,0.788764231054676,306.0
weighted avg,0.807677538905835,0.7973856209150327,0.7887642310546761,306.0
