,precision,recall,f1-score,support
0,0.7441860465116279,0.9411764705882353,0.8311688311688312,102.0
1,0.7232142857142857,0.7941176470588235,0.7570093457943925,102.0
2,0.9384615384615385,0.5980392156862745,0.7305389221556886,102.0
accuracy,0.7777777777777778,0.7777777777777778,0.7777777777777778,0.7777777777777778
macro avg,0.8019539568958173,0.7777777777777778,0.7729056997063042,306.0
weighted avg,0.8019539568958173,0.7777777777777778,0.7729056997063041,306.0
