,precision,recall,f1-score,support
0,0.8571428571428571,0.9230769230769231,0.8888888888888888,52.0
1,0.8775510204081632,0.8113207547169812,0.8431372549019608,53.0
2,0.8113207547169812,0.8113207547169812,0.8113207547169812,53.0
accuracy,0.8481012658227848,0.8481012658227848,0.8481012658227848,0.8481012658227848
macro avg,0.8486715440893339,0.8485728108369619,0.8477822995026103,158.0
weighted avg,0.8486179281839317,0.8481012658227848,0.8475221312153554,158.0
