,precision,recall,f1-score,support
0,0.6381578947368421,0.9509803921568627,0.7637795275590551,102.0
1,0.7037037037037037,0.7450980392156863,0.7238095238095238,102.0
2,0.9782608695652174,0.4411764705882353,0.6081081081081081,102.0
accuracy,0.7124183006535948,0.7124183006535948,0.7124183006535948,0.7124183006535948
macro avg,0.773374156001921,0.7124183006535948,0.6985657198255625,306.0
weighted avg,0.7733741560019212,0.7124183006535948,0.6985657198255624,306.0
