,precision,recall,f1-score,support
0,0.708029197080292,0.9509803921568627,0.8117154811715481,102.0
1,0.77,0.7549019607843137,0.7623762376237624,102.0
2,0.8695652173913043,0.5882352941176471,0.7017543859649122,102.0
accuracy,0.7647058823529411,0.7647058823529411,0.7647058823529411,0.7647058823529411
macro avg,0.782531471490532,0.7647058823529411,0.7586153682534076,306.0
weighted avg,0.782531471490532,0.7647058823529411,0.7586153682534076,306.0
