,precision,recall,f1-score,support
0,0.7786259541984732,1.0,0.8755364806866953,102.0
1,0.7456140350877193,0.8333333333333334,0.7870370370370371,102.0
2,0.9180327868852459,0.5490196078431373,0.6871165644171779,102.0
accuracy,0.7941176470588235,0.7941176470588235,0.7941176470588235,0.7941176470588235
macro avg,0.8140909253904796,0.7941176470588237,0.7832300273803035,306.0
weighted avg,0.8140909253904796,0.7941176470588235,0.7832300273803035,306.0
