,precision,recall,f1-score,support
0,0.6052631578947368,0.9019607843137255,0.7244094488188977,102.0
1,0.8627450980392157,0.43137254901960786,0.5751633986928104,102.0
2,0.5922330097087378,0.5980392156862745,0.5951219512195122,102.0
accuracy,0.6437908496732027,0.6437908496732027,0.6437908496732027,0.6437908496732027
macro avg,0.6867470885475635,0.6437908496732027,0.6315649329104067,306.0
weighted avg,0.6867470885475635,0.6437908496732027,0.6315649329104068,306.0
