,precision,recall,f1-score,support
0,0.7214285714285714,0.9901960784313726,0.8347107438016529,102.0
1,0.875,0.6862745098039216,0.7692307692307693,102.0
2,0.8023255813953488,0.6764705882352942,0.7340425531914894,102.0
accuracy,0.7843137254901961,0.7843137254901961,0.7843137254901961,0.7843137254901961
macro avg,0.7995847176079734,0.7843137254901961,0.7793280220746371,306.0
weighted avg,0.7995847176079733,0.7843137254901961,0.7793280220746371,306.0
