,precision,recall,f1-score,support
0,0.8048780487804879,0.9705882352941176,0.88,102.0
1,0.8877551020408163,0.8529411764705882,0.87,102.0
2,0.8823529411764706,0.7352941176470589,0.8021390374331551,102.0
accuracy,0.8529411764705882,0.8529411764705882,0.8529411764705882,0.8529411764705882
macro avg,0.8583286973325915,0.8529411764705882,0.8507130124777184,306.0
weighted avg,0.8583286973325917,0.8529411764705882,0.8507130124777184,306.0
