,precision,recall,f1-score,support
0,0.8217821782178217,0.8137254901960784,0.8177339901477833,102.0
1,0.8596491228070176,0.4803921568627451,0.6163522012578616,102.0
2,0.6081081081081081,0.8823529411764706,0.72,102.0
accuracy,0.7254901960784313,0.7254901960784313,0.7254901960784313,0.7254901960784313
macro avg,0.7631798030443159,0.7254901960784315,0.7180287304685482,306.0
weighted avg,0.7631798030443159,0.7254901960784313,0.7180287304685483,306.0
