,precision,recall,f1-score,support
0,0.8962264150943396,0.9313725490196079,0.9134615384615384,102.0
1,0.8151260504201681,0.9509803921568627,0.8778280542986425,102.0
2,0.9382716049382716,0.7450980392156863,0.8306010928961749,102.0
accuracy,0.8758169934640523,0.8758169934640523,0.8758169934640523,0.8758169934640523
macro avg,0.8832080234842596,0.8758169934640523,0.8739635618854519,306.0
weighted avg,0.8832080234842598,0.8758169934640523,0.8739635618854519,306.0
