,precision,recall,f1-score,support
0,0.7804878048780488,0.9411764705882353,0.8533333333333334,102.0
1,0.7763157894736842,0.5784313725490197,0.6629213483146067,102.0
2,0.6635514018691588,0.696078431372549,0.6794258373205742,102.0
accuracy,0.738562091503268,0.738562091503268,0.738562091503268,0.738562091503268
macro avg,0.7401183320736306,0.738562091503268,0.7318935063228381,306.0
weighted avg,0.7401183320736306,0.738562091503268,0.731893506322838,306.0
