,precision,recall,f1-score,support
0,0.9583333333333334,0.9019607843137255,0.9292929292929293,102.0
1,0.6808510638297872,0.9411764705882353,0.7901234567901234,102.0
2,0.855072463768116,0.5784313725490197,0.6900584795321637,102.0
accuracy,0.8071895424836601,0.8071895424836601,0.8071895424836601,0.8071895424836601
macro avg,0.8314189536437455,0.8071895424836603,0.8031582885384054,306.0
weighted avg,0.8314189536437454,0.8071895424836601,0.8031582885384054,306.0
