,precision,recall,f1-score,support
0,0.7857142857142857,0.9705882352941176,0.868421052631579,102.0
1,0.7684210526315789,0.7156862745098039,0.7411167512690355,102.0
2,0.7411764705882353,0.6176470588235294,0.6737967914438503,102.0
accuracy,0.7679738562091504,0.7679738562091504,0.7679738562091504,0.7679738562091504
macro avg,0.7651039363113666,0.7679738562091503,0.7611115317814883,306.0
weighted avg,0.7651039363113666,0.7679738562091504,0.7611115317814883,306.0
