,precision,recall,f1-score,support
0,0.8362068965517241,0.9509803921568627,0.8899082568807339,102.0
1,0.6949152542372882,0.803921568627451,0.7454545454545455,102.0
2,0.7916666666666666,0.5588235294117647,0.6551724137931034,102.0
accuracy,0.7712418300653595,0.7712418300653595,0.7712418300653595,0.7712418300653595
macro avg,0.7742629391518929,0.7712418300653594,0.763511738709461,306.0
weighted avg,0.7742629391518929,0.7712418300653595,0.763511738709461,306.0
