,precision,recall,f1-score,support
0,0.9387755102040817,0.8846153846153846,0.9108910891089109,52.0
1,0.9545454545454546,0.7924528301886793,0.865979381443299,53.0
2,0.7538461538461538,0.9245283018867925,0.8305084745762712,53.0
accuracy,0.8670886075949367,0.8670886075949367,0.8670886075949367,0.8670886075949367
macro avg,0.8823890395318967,0.867198838896952,0.869126315042827,158.0
weighted avg,0.8820321631352374,0.8670886075949367,0.8688619810297504,158.0
