,precision,recall,f1-score,support
0,0.455026455026455,0.8431372549019608,0.5910652920962199,102.0
1,0.7796610169491526,0.45098039215686275,0.5714285714285714,102.0
2,0.7068965517241379,0.4019607843137255,0.5125,102.0
accuracy,0.565359477124183,0.565359477124183,0.565359477124183,0.565359477124183
macro avg,0.6471946745665819,0.5653594771241831,0.558331287841597,306.0
weighted avg,0.6471946745665818,0.565359477124183,0.5583312878415971,306.0
