,precision,recall,f1-score,support
0,0.9711538461538461,0.9901960784313726,0.9805825242718447,102.0
1,0.5903614457831325,0.9607843137254902,0.7313432835820896,102.0
2,0.9444444444444444,0.3333333333333333,0.4927536231884058,102.0
accuracy,0.761437908496732,0.761437908496732,0.761437908496732,0.761437908496732
macro avg,0.8353199121271411,0.7614379084967321,0.7348931436807801,306.0
weighted avg,0.835319912127141,0.761437908496732,0.73489314368078,306.0
