,precision,recall,f1-score,support
0,0.8333333333333334,0.9313725490196079,0.8796296296296297,102.0
1,0.7840909090909091,0.6764705882352942,0.7263157894736842,102.0
2,0.7115384615384616,0.7254901960784313,0.7184466019417476,102.0
accuracy,0.7777777777777778,0.7777777777777778,0.7777777777777778,0.7777777777777778
macro avg,0.7763209013209013,0.7777777777777778,0.7747973403483539,306.0
weighted avg,0.7763209013209013,0.7777777777777778,0.7747973403483539,306.0
