,precision,recall,f1-score,support
0,0.9150943396226415,0.9509803921568627,0.9326923076923077,102.0
1,0.6258064516129033,0.9509803921568627,0.754863813229572,102.0
2,0.9555555555555556,0.4215686274509804,0.5850340136054422,102.0
accuracy,0.7745098039215687,0.7745098039215687,0.7745098039215687,0.7745098039215687
macro avg,0.8321521155970335,0.7745098039215685,0.7575300448424406,306.0
weighted avg,0.8321521155970335,0.7745098039215687,0.7575300448424406,306.0
