,precision,recall,f1-score,support
0,0.7868852459016393,0.9411764705882353,0.8571428571428571,102.0
1,0.7631578947368421,0.5686274509803921,0.651685393258427,102.0
2,0.6944444444444444,0.7352941176470589,0.7142857142857143,102.0
accuracy,0.7483660130718954,0.7483660130718954,0.7483660130718954,0.7483660130718954
macro avg,0.7481625283609752,0.7483660130718954,0.7410379882289995,306.0
weighted avg,0.7481625283609752,0.7483660130718954,0.7410379882289995,306.0
