,precision,recall,f1-score,support
0,0.9,0.8823529411764706,0.8910891089108911,102.0
1,0.7692307692307693,0.8823529411764706,0.821917808219178,102.0
2,0.898876404494382,0.7843137254901961,0.837696335078534,102.0
accuracy,0.8496732026143791,0.8496732026143791,0.8496732026143791,0.8496732026143791
macro avg,0.8560357245750504,0.8496732026143791,0.8502344174028678,306.0
weighted avg,0.8560357245750505,0.8496732026143791,0.8502344174028675,306.0
