,precision,recall,f1-score,support
0,0.72,0.17647058823529413,0.28346456692913385,102.0
1,0.35766423357664234,0.9607843137254902,0.5212765957446809,102.0
2,0.2857142857142857,0.0196078431372549,0.03669724770642202,102.0
accuracy,0.38562091503267976,0.38562091503267976,0.38562091503267976,0.38562091503267976
macro avg,0.45445950643030936,0.3856209150326797,0.2804794701267456,306.0
weighted avg,0.4544595064303094,0.38562091503267976,0.28047947012674557,306.0
