,precision,recall,f1-score,support
0,0.784,0.9607843137254902,0.8634361233480177,102.0
1,0.7264150943396226,0.7549019607843137,0.7403846153846154,102.0
2,0.9333333333333333,0.6862745098039216,0.7909604519774012,102.0
accuracy,0.8006535947712419,0.8006535947712419,0.8006535947712419,0.8006535947712419
macro avg,0.8145828092243187,0.800653594771242,0.7982603969033448,306.0
weighted avg,0.8145828092243186,0.8006535947712419,0.7982603969033447,306.0
