,precision,recall,f1-score,support
0,0.9662921348314607,0.8431372549019608,0.900523560209424,102.0
1,0.7678571428571429,0.8431372549019608,0.8037383177570093,102.0
2,0.7619047619047619,0.7843137254901961,0.7729468599033816,102.0
accuracy,0.8235294117647058,0.8235294117647058,0.8235294117647058,0.8235294117647058
macro avg,0.8320180131977885,0.823529411764706,0.825736245956605,306.0
weighted avg,0.8320180131977886,0.8235294117647058,0.825736245956605,306.0
