,precision,recall,f1-score,support
0,0.9318181818181818,0.4019607843137255,0.5616438356164384,102.0
1,0.696969696969697,0.6764705882352942,0.6865671641791045,102.0
2,0.5153374233128835,0.8235294117647058,0.6339622641509434,102.0
accuracy,0.6339869281045751,0.6339869281045751,0.6339869281045751,0.6339869281045751
macro avg,0.7147084340335875,0.6339869281045752,0.6273910879821621,306.0
weighted avg,0.7147084340335874,0.6339869281045751,0.627391087982162,306.0
