,precision,recall,f1-score,support
0,0.7857142857142857,0.8627450980392157,0.822429906542056,102.0
1,0.6976744186046512,0.8823529411764706,0.7792207792207793,102.0
2,0.9076923076923077,0.5784313725490197,0.7065868263473054,102.0
accuracy,0.7745098039215687,0.7745098039215687,0.7745098039215687,0.7745098039215687
macro avg,0.7970270040037483,0.7745098039215687,0.7694125040367136,306.0
weighted avg,0.7970270040037483,0.7745098039215687,0.7694125040367137,306.0
