,precision,recall,f1-score,support
0,0.900990099009901,0.8921568627450981,0.896551724137931,102.0
1,0.8064516129032258,0.7352941176470589,0.7692307692307693,102.0
2,0.7142857142857143,0.7843137254901961,0.7476635514018691,102.0
accuracy,0.803921568627451,0.803921568627451,0.803921568627451,0.803921568627451
macro avg,0.8072424753996138,0.8039215686274509,0.8044820149235231,306.0
weighted avg,0.8072424753996137,0.803921568627451,0.8044820149235231,306.0
