,precision,recall,f1-score,support
0,0.7983193277310925,0.9313725490196079,0.8597285067873304,102.0
1,0.65,0.8921568627450981,0.7520661157024794,102.0
2,0.8936170212765957,0.4117647058823529,0.5637583892617449,102.0
accuracy,0.7450980392156863,0.7450980392156863,0.7450980392156863,0.7450980392156863
macro avg,0.7806454496692293,0.7450980392156863,0.7251843372505182,306.0
weighted avg,0.7806454496692293,0.7450980392156863,0.7251843372505182,306.0
