,precision,recall,f1-score,support
0,0.60625,0.9509803921568627,0.7404580152671756,102.0
1,0.881578947368421,0.6568627450980392,0.7528089887640449,102.0
2,0.6857142857142857,0.47058823529411764,0.5581395348837209,102.0
accuracy,0.6928104575163399,0.6928104575163399,0.6928104575163399,0.6928104575163399
macro avg,0.7245144110275689,0.69281045751634,0.6838021796383139,306.0
weighted avg,0.7245144110275689,0.6928104575163399,0.6838021796383139,306.0
