,precision,recall,f1-score,support
0,0.8272727272727273,0.8921568627450981,0.8584905660377359,102.0
1,0.7528089887640449,0.6568627450980392,0.7015706806282722,102.0
2,0.6822429906542056,0.7156862745098039,0.6985645933014354,102.0
accuracy,0.7549019607843137,0.7549019607843137,0.7549019607843137,0.7549019607843137
macro avg,0.7541082355636592,0.7549019607843137,0.7528752799891478,306.0
weighted avg,0.7541082355636592,0.7549019607843137,0.7528752799891478,306.0
