,precision,recall,f1-score,support
0,0.5454545454545454,0.7647058823529411,0.636734693877551,102.0
1,0.7471264367816092,0.6372549019607843,0.6878306878306878,102.0
2,0.5657894736842105,0.4215686274509804,0.48314606741573035,102.0
accuracy,0.6078431372549019,0.6078431372549019,0.6078431372549019,0.6078431372549019
macro avg,0.6194568186401218,0.6078431372549019,0.6025704830413231,306.0
weighted avg,0.6194568186401218,0.6078431372549019,0.6025704830413231,306.0
