,precision,recall,f1-score,support
0,0.49238578680203043,0.9509803921568627,0.6488294314381271,102.0
1,0.875,0.3431372549019608,0.49295774647887325,102.0
2,0.6521739130434783,0.4411764705882353,0.5263157894736842,102.0
accuracy,0.5784313725490197,0.5784313725490197,0.5784313725490197,0.5784313725490197
macro avg,0.6731865666151696,0.5784313725490196,0.5560343224635615,306.0
weighted avg,0.6731865666151695,0.5784313725490197,0.5560343224635615,306.0
