,precision,recall,f1-score,support
0,0.7157894736842105,0.6666666666666666,0.6903553299492385,102.0
1,0.5765765765765766,0.6274509803921569,0.6009389671361502,102.0
2,0.61,0.5980392156862745,0.6039603960396039,102.0
accuracy,0.630718954248366,0.630718954248366,0.630718954248366,0.630718954248366
macro avg,0.6341220167535956,0.630718954248366,0.6317515643749977,306.0
weighted avg,0.6341220167535957,0.630718954248366,0.6317515643749976,306.0
