,precision,recall,f1-score,support
0,0.9420289855072463,0.6372549019607843,0.7602339181286549,102.0
1,0.6198347107438017,0.7352941176470589,0.672645739910314,102.0
2,0.6120689655172413,0.696078431372549,0.6513761467889908,102.0
accuracy,0.6895424836601307,0.6895424836601307,0.6895424836601307,0.6895424836601307
macro avg,0.7246442205894299,0.6895424836601306,0.6947519349426532,306.0
weighted avg,0.7246442205894297,0.6895424836601307,0.6947519349426532,306.0
