,precision,recall,f1-score,support
0,0.5611111111111111,0.9901960784313726,0.7163120567375887,102.0
1,0.6588235294117647,0.5490196078431373,0.5989304812834224,102.0
2,0.8048780487804879,0.3235294117647059,0.46153846153846156,102.0
accuracy,0.6209150326797386,0.6209150326797386,0.6209150326797386,0.6209150326797386
macro avg,0.6749375631011212,0.6209150326797386,0.5922603331864909,306.0
weighted avg,0.6749375631011213,0.6209150326797386,0.5922603331864909,306.0
