,precision,recall,f1-score,support
0,0.6689655172413793,0.9509803921568627,0.7854251012145749,102.0
1,0.8983050847457628,0.5196078431372549,0.6583850931677019,102.0
2,0.7352941176470589,0.7352941176470589,0.7352941176470589,102.0
accuracy,0.7352941176470589,0.7352941176470589,0.7352941176470589,0.7352941176470589
macro avg,0.7675215732114004,0.7352941176470589,0.7263681040097785,306.0
weighted avg,0.7675215732114004,0.7352941176470589,0.7263681040097785,306.0
