,precision,recall,f1-score,support
0,0.6470588235294118,0.9705882352941176,0.7764705882352941,102.0
1,1.0,0.17647058823529413,0.3,102.0
2,0.6,0.7941176470588235,0.6835443037974683,102.0
accuracy,0.6470588235294118,0.6470588235294118,0.6470588235294118,0.6470588235294118
macro avg,0.7490196078431373,0.6470588235294117,0.5866716306775874,306.0
weighted avg,0.7490196078431373,0.6470588235294118,0.5866716306775875,306.0
