,precision,recall,f1-score,support
0,0.9782608695652174,0.8823529411764706,0.9278350515463918,102.0
1,0.6148648648648649,0.8921568627450981,0.728,102.0
2,0.7575757575757576,0.49019607843137253,0.5952380952380952,102.0
accuracy,0.7549019607843137,0.7549019607843137,0.7549019607843137,0.7549019607843137
macro avg,0.7835671640019465,0.7549019607843137,0.750357715594829,306.0
weighted avg,0.7835671640019465,0.7549019607843137,0.7503577155948291,306.0
