,precision,recall,f1-score,support
0,0.7153284671532847,0.9607843137254902,0.8200836820083682,102.0
1,0.7766990291262136,0.7843137254901961,0.7804878048780488,102.0
2,0.8333333333333334,0.5392156862745098,0.6547619047619048,102.0
accuracy,0.761437908496732,0.761437908496732,0.761437908496732,0.761437908496732
macro avg,0.7751202765376105,0.761437908496732,0.7517777972161072,306.0
weighted avg,0.7751202765376106,0.761437908496732,0.7517777972161073,306.0
