,precision,recall,f1-score,support
0,0.9259259259259259,0.9615384615384616,0.9433962264150944,52.0
1,0.9122807017543859,0.9811320754716981,0.9454545454545454,53.0
2,0.9361702127659575,0.8301886792452831,0.88,53.0
accuracy,0.9240506329113924,0.9240506329113924,0.9240506329113924,0.9240506329113924
macro avg,0.9247922801487564,0.9242864054184808,0.9229502572898799,158.0
weighted avg,0.9247851051754832,0.9240506329113924,0.922820852421999,158.0
