,precision,recall,f1-score,support
0,0.6527777777777778,0.9215686274509803,0.7642276422764228,102.0
1,0.95,0.37254901960784315,0.5352112676056338,102.0
2,0.6147540983606558,0.7352941176470589,0.6696428571428571,102.0
accuracy,0.6764705882352942,0.6764705882352942,0.6764705882352942,0.6764705882352942
macro avg,0.7391772920461445,0.676470588235294,0.6563605890083046,306.0
weighted avg,0.7391772920461445,0.6764705882352942,0.6563605890083046,306.0
