,precision,recall,f1-score,support
0,0.97,0.9509803921568627,0.9603960396039604,102.0
1,0.752,0.9215686274509803,0.8281938325991189,102.0
2,0.9012345679012346,0.7156862745098039,0.7978142076502732,102.0
accuracy,0.8627450980392157,0.8627450980392157,0.8627450980392157,0.8627450980392157
macro avg,0.8744115226337449,0.8627450980392157,0.8621346932844508,306.0
weighted avg,0.8744115226337449,0.8627450980392157,0.8621346932844507,306.0
