,precision,recall,f1-score,support
0,0.7627118644067796,0.8823529411764706,0.8181818181818182,102.0
1,0.8867924528301887,0.46078431372549017,0.6064516129032258,102.0
2,0.674074074074074,0.8921568627450981,0.7679324894514767,102.0
accuracy,0.7450980392156863,0.7450980392156863,0.7450980392156863,0.7450980392156863
macro avg,0.7745261304370142,0.7450980392156863,0.7308553068455069,306.0
weighted avg,0.7745261304370141,0.7450980392156863,0.7308553068455069,306.0
