,precision,recall,f1-score,support
0,0.505,0.9901960784313726,0.6688741721854304,102.0
1,0.972972972972973,0.35294117647058826,0.5179856115107914,102.0
2,0.8260869565217391,0.5588235294117647,0.6666666666666666,102.0
accuracy,0.6339869281045751,0.6339869281045751,0.6339869281045751,0.6339869281045751
macro avg,0.7680199764982375,0.6339869281045752,0.6178421501209628,306.0
weighted avg,0.7680199764982374,0.6339869281045751,0.6178421501209628,306.0
