Channel,SNR_dB,SNR_Linear,Signal_RMS,Baseline_RMS
PO3,1.6333514788682957,1.4565827013529036,6.26946425407755,5.19472852771421
POz,1.8880193743966167,1.5445498778079156,6.4833346515444585,5.21671931907689
PO4,1.7292919536668352,1.4891182814664454,6.313436692125118,5.173699880503745
