Channel,SNR_dB,SNR_Linear,Signal_RMS,Baseline_RMS
PO3,3.947756144593659,2.481850484230124,4.3103805078273085,2.7360737714105468
POz,3.043381680831681,2.0152928686037446,3.3280008349584818,2.344306234547203
PO4,3.671175428472418,2.3287214464467914,3.5699633244272744,2.3394026797054104
