Channel,SNR_dB,SNR_Linear,Signal_RMS,Baseline_RMS
PO3,5.526495542751329,3.5698465987257575,4.162726767123884,2.2031959698152055
POz,6.538611422808279,4.506725871843938,4.196693117336643,1.9768633117993362
PO4,7.312109231713736,5.3853126671335,4.4689016992714885,1.9257297519212702
