Channel,SNR_dB,SNR_Linear,Signal_RMS,Baseline_RMS
PO3,1.4780143035455338,1.405404793099059,10.237167171205108,8.63533280945147
POz,1.5559619696688933,1.4308568829564114,10.253648812678472,8.571964036421672
PO4,1.4622220197539813,1.4003035891887565,10.229160103909887,8.644280981262968
