Channel,SNR_dB,SNR_Linear,Signal_RMS,Baseline_RMS
PO3,0.23843448049011406,1.0564366224335504,9.609362429107092,9.349165539765117
POz,0.22309843601271062,1.0527126546124186,9.604060323990641,9.360519609831128
PO4,0.27938288396347194,1.0664445727221095,9.712716004576745,9.405276034728203
