Channel,SNR_dB,SNR_Linear,Signal_RMS,Baseline_RMS
PO3,0.13062672735671688,1.0305348254779934,9.098591471126307,8.962781915087557
POz,-0.004139777156451946,0.9990472352519565,8.944132124911993,8.94839599890087
PO4,0.15083317815625785,1.0353407739867884,9.088760684356346,8.932294003265126
