Channel,SNR_dB,SNR_Linear,Signal_RMS,Baseline_RMS
PO3,1.2747408996603857,1.3411399205331593,8.418800919657132,7.26964485700883
POz,0.7999336213382922,1.20224605904562,9.752805311316337,8.894732132450985
PO4,0.8476669485032213,1.2155328349524548,9.74776224579554,8.84141101897781
