Channel,SNR_dB,SNR_Linear,Signal_RMS,Baseline_RMS
PO3,3.997907673125483,2.5106765562115054,6.900582174259415,4.355021950367373
POz,3.443812047671082,2.209943674170245,6.572511634273442,4.421206106158628
PO4,3.5329314342311995,2.255761309480485,6.68963907211147,4.454060533571836
