Channel,SNR_dB,SNR_Linear,Signal_RMS,Baseline_RMS
PO3,5.1498618632139035,3.2733028326314515,4.554971452144435,2.51763383349021
POz,4.821819982184631,3.035162852442758,4.347821184083659,2.495632743832176
PO4,4.367541273114467,2.73372061191386,4.184632819137009,2.5309309292972113
