Channel,SNR_dB,SNR_Linear,Signal_RMS,Baseline_RMS
PO3,0.5369522720032868,1.1316059627229205,18.266771773502988,17.17173545145379
POz,0.3743886044793354,1.090031028081914,17.890285273031836,17.135541595071377
PO4,0.3990727941139278,1.096244126275749,17.913454323987224,17.109042336956083
