Channel,SNR_dB,SNR_Linear,Signal_RMS,Baseline_RMS
PO3,5.6567763207736395,3.6785582041569462,2.1443982211712456,1.1180638923777888
POz,5.183857264027188,3.299025909752797,2.1380178887670613,1.1771138547489732
PO4,5.839175652047903,3.8363441973064187,2.6444988292851193,1.3501580075578499
