Channel,SNR_dB,SNR_Linear,Signal_RMS,Baseline_RMS
PO3,2.039971699847544,1.5995476053672022,14.869636937349815,11.75714243924983
POz,-0.14643640842414984,0.9668438947237399,0.3670151700998187,0.37325517356388516
PO4,2.1617578523834062,1.6450374346031797,15.051230867357912,11.73502785277548
