Channel,SNR_dB,SNR_Linear,Signal_RMS,Baseline_RMS
PO3,-1.5656269229159856,0.6973283272481496,6.439336728117075,7.711209141563356
POz,-1.5718427522878,0.6963309916370817,6.373866236396555,7.638271349743182
PO4,-1.6528843572991725,0.6834575796579897,6.297807712237825,7.617871003020487
