Channel,SNR_dB,SNR_Linear,Signal_RMS,Baseline_RMS
PO3,0.1806755399753388,1.042479573257848,214.80163070216713,210.37968332937913
POz,0.1857263137970147,1.0436926652243688,214.81217925154323,210.26771021355935
PO4,0.1865307686803876,1.0438860090180497,214.86129256176292,210.29630673893084
