Channel,SNR_dB,SNR_Linear,Signal_RMS,Baseline_RMS
PO3,0.563026817483342,1.1384204320679308,33.70716801252561,31.591549298479123
POz,0.5222760998363001,1.1277883654497298,33.57436058082158,31.61505526683559
PO4,0.4711878165820629,1.114599340260573,33.45513220378094,31.68862240514069
