Channel,SNR_dB,SNR_Linear,Signal_RMS,Baseline_RMS
PO3,8.98335476535941,7.912896341584136,7.928374676476406,2.8184895402289256
POz,8.815063458091359,7.612132615941464,7.497498320537165,2.7174602758885067
PO4,9.4406914054142,8.79162470096147,7.888197194194822,2.6603770247267566
