Channel,SNR_dB,SNR_Linear,Signal_RMS,Baseline_RMS
PO3,15.493570090571545,35.42884620198717,4.4905656712667215,0.7544362496272913
POz,16.595554238674556,45.662051955958894,4.825552610349136,0.7141169524388392
PO4,18.513213599792618,71.01030205131413,6.006453037274537,0.7127831192488143
