Channel,SNR_dB,SNR_Linear,Signal_RMS,Baseline_RMS
PO3,1.888125731413657,1.544587703692433,5.4148146539352595,4.356897159990694
POz,1.5899611625801777,1.4421024552548851,5.233901072619919,4.358403669396137
PO4,1.6672480225564028,1.4679957635253087,5.170095197689502,4.267132601096921
