Channel,SNR_dB,SNR_Linear,Signal_RMS,Baseline_RMS
PO3,5.0132920973461115,3.1719710120009617,4.245759065859992,2.3839148597435873
POz,7.452829672672751,5.562665781655871,5.340902539986989,2.26450440311934
PO4,6.983853964360252,4.99327398081572,5.051950930209002,2.2608222849289175
