Channel,SNR_dB,SNR_Linear,Signal_RMS,Baseline_RMS
PO3,1.1551520291938773,1.304713640666489,22.39376029165187,19.605116332014184
POz,1.1566672967574911,1.3051689389194439,22.382928375135126,19.59221509747706
PO4,1.1428721852290626,1.3010297231939867,22.35575182920165,19.599530613164692
