Channel,SNR_dB,SNR_Linear,Signal_RMS,Baseline_RMS
PO3,9.49342041129812,8.899017096626787,10.31920159468221,3.459195252986172
POz,9.429420115223014,8.768837288258657,10.108333978955217,3.413568142713253
PO4,8.657880025792565,7.341554085112176,9.110188537656244,3.3622760232479836
