subject_id,session_id,condition,peak,mean
05,02,Auditory,3.350285711768774e-06,1.0949456500784913e-05
05,02,Non Auditory,-1.645496262804113e-05,-6.329898736501076e-06
