subject_id,session_id,condition,peak,mean
15,02,Auditory,-3.7260541987972244e-07,-1.0623286773973522e-07
15,02,Non Auditory,-4.362212381697687e-07,-2.1071393632162616e-07
