subject_id,session_id,condition,peak,mean
09,01,Auditory,-8.553162028716699e-07,-1.4512906540156188e-08
09,01,Non Auditory,-1.7476847381343027e-06,-3.266224605021834e-07
