subject_id,session_id,condition,peak,mean
06,02,Auditory,-8.202939122690282e-08,1.9699070309165024e-07
06,02,Non Auditory,-1.7192281491971214e-08,1.7164297308686053e-07
