subject_id,session_id,condition,peak,mean
08,01,Auditory,-4.037999953918287e-07,-3.304889904785227e-07
08,01,Non Auditory,2.5885692414601905e-07,3.3702140805736886e-07
