subject_id,session_id,condition,peak,mean
01,01,Auditory,-1.431960735684483e-06,-1.0130482129781842e-06
01,01,Non Auditory,-6.114662797290705e-07,4.752669111489503e-08
