subject_id,session_id,condition,peak,mean
11,01,Auditory,-1.0881241735421572e-07,1.303750815537042e-07
11,01,Non Auditory,-1.9797433495434103e-07,-1.17695871381385e-08
