subject_id,session_id,condition,peak,mean
12,02,Auditory,-7.026970613714576e-08,1.903370475221005e-07
12,02,Non Auditory,4.250441624093341e-08,3.504825747059116e-07
