subject_id,session_id,condition,peak,mean
15,01,Auditory,-5.313390130579314e-08,2.7801902761022338e-08
15,01,Non Auditory,-2.4042555864259606e-07,-1.355404379043514e-07
