subject_id,session_id,condition,peak,mean
13,01,Auditory,-3.526701698540995e-07,-2.1083343303187028e-07
13,01,Non Auditory,-5.7922350921349533e-08,8.434945756111295e-08
