subject_id,session_id,condition,peak,mean
10,01,Auditory,9.491916066798028e-08,2.9513019594205436e-07
10,01,Non Auditory,-1.6663174307744338e-07,3.264364001803315e-08
