subject_id,session_id,condition,peak,mean
09,02,Auditory,7.632622920041169e-08,2.0740669056624887e-07
09,02,Non Auditory,-1.821347518329318e-07,-2.48718355529605e-08
