subject_id,session_id,condition,peak,mean
04,02,Auditory,-3.5072134738413153e-07,2.2097174376046983e-07
04,02,Non Auditory,-1.9156704330375756e-07,2.8798265027029784e-07
