subject_id,session_id,condition,peak,mean
02,01,Auditory,-6.741260363885335e-07,-3.799448697953424e-07
02,01,Non Auditory,-4.476256468536892e-08,1.7778566109092437e-07
