subject_id,session_id,condition,peak,mean
07,01,Auditory,-2.9888158225776766e-06,4.398030751284061e-06
07,01,Non Auditory,2.1952293132907124e-05,3.226579147762321e-05
