subject_id,session_id,condition,peak,mean
12,01,Auditory,-2.1048345027162098e-07,-7.545571125399202e-08
12,01,Non Auditory,-6.980864511905593e-08,1.942936706292615e-07
