subject_id,session_id,condition,peak,mean
03,01,Auditory,-1.6229103073864787e-07,-2.233452167495576e-09
03,01,Non Auditory,-2.9852669711332146e-07,-1.314391089377142e-07
