subject_id,session_id,condition,peak,mean
14,01,Auditory,-1.071283065656171e-07,-1.6190585170979645e-08
14,01,Non Auditory,-2.7341955386328805e-08,8.190185598385691e-08
