subject_id,session_id,condition,peak,mean
06,01,Auditory,-3.056834070839579e-07,-6.243771522783985e-08
06,01,Non Auditory,-7.342520258941615e-08,1.6367012982637763e-07
