subject_id,session_id,condition,peak,mean
13,02,Auditory,1.8569232983454847e-07,4.2945682749763584e-07
13,02,Non Auditory,-4.182863377989654e-07,-2.5597089461624855e-07
