subject_id,session_id,condition,peak,mean
05,01,Auditory,-3.141355781100844e-07,-1.1722198467840658e-07
05,01,Non Auditory,-3.351770396884956e-07,-1.414958792104188e-07
