subject_id,session_id,condition,peak,mean
04,01,Auditory,-3.4249273884809875e-07,2.116879687130237e-08
04,01,Non Auditory,-2.6716785848036487e-07,2.5924414103130817e-09
